,name,aa_seq,foldseek_seq,length,label,Random Forest_pred_label,Random Forest_pred_proba,Gradient Boosting_pred_label,Gradient Boosting_pred_proba,XGBoost_pred_label,XGBoost_pred_proba,SGD_pred_label,SGD_pred_proba,Logistic Regression_pred_label,Logistic Regression_pred_proba,MLP_pred_label,MLP_pred_proba,SVM_pred_label,SVM_pred_proba,KNN_pred_label,KNN_pred_proba
0,YP_009742608.1,MESLVPGFNEKTHVQLSLPVLQVRDVLVRGFGDSVEEVLSEARQHLKDGTCGLVEVEKGVLPQLEQPYVFIKRSDARTAPHGHVMVELVAELEGIQYGRSGETLGVLVPHVGEIPVAYRKVLLRKNGNKGAGGHSYGADLKSFDLGDELGTDPYEDFQENWNTKHSSGVTRELMRELNGG,DPPPDPPDDPPDDPPPPPVPPPLVPAAPAPDDCEPVSLVVVVVVCVLVVNQHFDFDPQPNPVVDNATETEGDDPPVPDDPVPPVVVVVLVVCVVVPPPDPPGDRPHPPPPPDDDQVVNVVVSPVVVPDPDPDDPPPPPPPVPPPPPDDVPDDSVVVRVVVCVVPVPDDPVVVVVCVSVPD,180,1,0,0.44,0,0.2530871099690895,0,0.07195534,0,0.4840790247096781,1,0.5351478639423503,0,0.46937816856700687,1,0.6478671546196503,0,0.5
1,YP_009742609.1,AYTRYVDNNFCGPDGYPLECIKDLLARAGKASCTLSEQLDFIDTKRGVYCCREHEHEIAWYTERSEKSYELQTPFEIKLAKKFDTFNGECPNFVFPLNSIIKTIQPRVEKKKLDGFMGRIRSVYPVASPNECNQMCLSTLMKCDHCGETSWQTGDFVKATCEFCGTENLTKEGATTCGYLPQNAVVKIYCPACHNSEVGPEHSLAEYHNESGLKTILRKGGRTIAFGGCVFSYVGCHNKCAYWVPRASANIGCNHTGVVGEGSEGLNDNLLEILQKEKVNINIVGDFKLNEEIAIILASFSASTSAFVETVKGLDYKAFKQIVESCGNFKVTKGKAKKGAWNIGEQKSILSPLYAFASEAARVVRSIFSRTLETAQNSVRVLQKAAITILDGISQYSLRLIDAMMFTSDLATNNLVVMAYITGGVVQLTSQWLTNIFGTVYEKLKPVLDWLEEKFKEGVEFLRDGWEIVKFISTCACEIVGGQIVTCAKEIKESVQTFFKLVNKFLALCADSIIIGGAKLKALNLGETFVTHSKGLYRKCVKSREETGLLMPLKAPKEIIFLEGETLPTEVLTEEVVLKTGDLQPLEQPTSEAVEAPLVGTPVCINGLMLLEIKDTEKYCALAPNMMVTNNTFTLKGG,DPLDDDPPPQDDLHRDDVVCCVVVVVVVVDDPQDVVSVVVQPPVPQLDSDPVVVPVQLVVLVVVVPPDDPLVDPVSVVVSVNVSPDRPPPPPVPPCVVVVCVVCVVPADPVRVLVVQLFVQPQDFPDDLVVCLQPLAFAFDQDPVPRDTDTDGDDQCWDQDPVPRDTDGPPPDPPALQDPPPPRLPQDQPPVPSDSDLDPPDDVVVVRPDPDCCVVPPPQPQFDPQLLFTWGFRQDPVRPGDTHGCVVVSSGDPPSDDPDDPPVCVVVVVCVVCVVVVVPQPQFFLPPPVSSNVSSVVSVSSSVVSVVVQVVPDDVVNVCVVVVVVVPPPPPPDPPDPPRDPVVPPPPLCCLVCVVVVVVVVVVVVVCVVVVVVCVPCCVVVVCVVCCVVVCCVVVVVVCCVVVVVCVCVVSVCVVVVVVCVVSVVVCCVVVCVVPPVPVCVVCVVVSVVVVVVVVVVNVVVVVVVVLSVVVVVVVVCVVDPPPPVVVVVVVVSVVVVVVVVVVVVLVVVVVVVLVVVLVVVSCSDPVCVVVVVVVVVVSVVVCVVVVDDDDPPDPLDADEDDDDPPDSVPVPDDPPPDPPDPDDPDDGDDDDDPDLLPADQDDDSNFRWRDDPPPSYTYGPRSPFPPPDSDGDPPPD,638,1,1,0.53,0,0.4590164539022911,0,0.32061312,0,0.469596730898597,1,0.5300269659143334,0,0.48724987815979215,1,0.9386577343077849,0,0.0
2,YP_009742610.1,APTKVTFGDDTVIEVQGYKSVNITFELDERIDKVLNEKCSAYTVELGTEVNEFACVVADAVIKTLQPVSELLTPLGIDLDEWSMATYYLFDESGEFKLASHMYCSFYPPDEDEEEGDCEEEEFEPSTQYEYGTEDDYQGKPLEFGATSAALQPEEEQEEDWLDDDSQQTVGQQDGSEDNQTTTIQTIVEVQPQLEMELTPVVQTIEVNSFSGYLKLTDNVYIKNADIVEEAKKVKPTVVVNAANVYLKHGGGVAGALNKATNNAMQVESDDYIATNGPLKVGGSCVLSGHNLAKHCLHVVGPNVNKGEDIQLLKSAYENFNQHEVLLAPLLSAGIFGADPIHSLRVCVDTVRTNVYLAVFDKNLYDKLVSSFLEMKSEKQVEQKIAEIPKEEVKPFITESKPSVEQRKQDDKKIKACVEEVTTTLEETKFLTENLLLYIDINGNLHPDSATLVSDIDITFLKKDAPYIVGDVVQEGVLTAVVIPTKKAGGTTEMLAKALRKVPTDNYITTYPGQGLNGYTVEEAKTVLKKCKSAFYILPSIISNEKQEILGTVSWNLREMLAHAEETRKLMPVCVETKAIVSTIQRKYKGIKIQEGVVDYGARFYFYTSKTTVASLINTLNDLNETLVTMPLGYVTHGLNLEEAARYMRSLKVPATVSVSSPDAVTAYNGYLTSSSKTPEEHFIETISLAGSYKDWSYSGQSTQLGIEFLKRGDKSVYYTSNPTTFHLDGEVITFDNLKTLLSLREVRTIKVFTTVDNINLHTQVVDMSMTYGQQFGPTYLDGADVTKIKPHNSHEGKTFYVLPNDDTLRVEAFEYYHTTDPSFLGRYMSALNHTKKWKYPQVNGLTSIKWADNNCYLATALLTLQQIELKFNPPALQDAYYRARAGEAANFCALILAYCNKTVGELGDVRETMSYLFQHANLDSCKRVLNVVCKTCGQQQTTLKGVEAVMYMGTLSYEQFKKGVQIPCTCGKQATKYLVQQESPFVMMSAPPAQYELKHGTFTCASEYTGNYQCGHYKHITSKETLYCIDGALLTKSSEYKGPITDVFYKENSYTTTIKPVTYKLDGVVCTEIDPKLDNYYKKDNSYFTEQPIDLVPNQPYPNASFDNFKFVCDNIKFADDLNQLTGYKKPASRELKVTFFPDLNGDVVAIDYKHYTPSFKKGAKLLHKPIVWHVNNATNKATYKPNTWCIRCLWSTKPVETSNSFDVLKSEDAQGMDNLACEDLKPVSEEVVENPTIQKDVLECNVKTTEVVGDIILKPANNSLKITEEVGHTDLMAAYVDNSSLTIKKPNELSRVLGLKTLATHGLAAVNSVPWDTIANYAKPFLNKVVSTTTNIVTRCLNRVCTNYMPYFFTLLLQLCTFTRSTNSRIKASMPTTIAKNTVKSVGKFCLEASFNYLKSPNFSKLINIIIWFLLLSVCLGSLIYSTAALGVLMSNLGMPSYCTGYREGYLNSTNVTIATYCTGSIPCSVCLSGLDSLDTYPSLETIQITISSFKWDLTAFGLVAEWFLAYILFTRFFYVLGLAAIMQLFFSYFAVHFISNSWLMWLIINLVQMAPISAMVRMYIFFASFYYVWKSYVHVVDGCNSSTCMMCYKRNRATRVECTTIVNGVRRSFYVYANGGKGFCKLHNWNCVNCDTFCAGSTFISDEVARDLSLQFKRPINPTDQSSYIVDSVTVKNGSIHLYFDKAGQKTYERHSLSHFVNLDNLRANNTKGSLPINVIVFDGKSKCEESSAKSASVYYSQLMCQPILLLDQALVSDVGDSAEVAVKMFDAYVNTFSSTFNVPMEKLKTLVATAEAELAKNVSLDNVLSTFISAARQGFVDSDVETKDVVECLKLSHQSDIEVTGDSCNNYMLTYNKVENMTPRDLGACIDCSARHINAQVAKSHNIALIWNVKDFMSLSEQLRKQIRSAAKKNNLPFKLTCATTRQVVNVVTTKIALKGG,DDDQDDDPPDRDPPPQDWQKAFEQEPADLVCSVVCSVQLGIDTHGDPDQLQNVQLVSLVSSLVSCVVVCVVVVVVVDHNVVSNVQRWQWAAPVLHRDRDNYIYIYSDRSPPPPDDDDDDDDDDDDDDDDDDDDDDDDDDDDDDDDDDDDDDDDDDDDDDDDDDDDDDDDDDDYDDYDYYYYDYDDDYDDDFDDFADFDDDDPPPLPVPQDPDWPDLDPAETEHQDDLQVVLLRSQAQEEEDLAFQQLPQDDDNSVVQCVSLVNPSVVVSNVCCVFWNGHDALDWDWDDCSSSHRIYIYFYHAQVVVVGDNVSLLSRLLVVQVDAEYEYEQHCCPRSPPPSLVSVVSNVVRHPHRYYYYDNDPVVVVCNVVVSVVVVVVVVDDDDDDDDDDDDDDDDDDDDDGDDDDDDDDPDQQALAEAEDADDLVRCVRVDLAAEWEAEQQLHTDPQSVSNPPPDPSVVSNVPHRHDQLDWDDDDSYIYHHADFLLNVGDLVSLLSSLQPDDAEEYEYAQANADLTHAQPVSSNVSSSSHSHYYHHYDGPHPSPPCCLEAEAADDLVRLQSVLLVVLFEEEDEPLPCVSVVVVCVVQVQDQQDQAWDDDSGTYHYDHLPQPLLNVLVVQLVVQTEYEYALRCVVSVLDPLLRSLVSCLSRPHRYYHHDNDPVSSVVSVLSNSDPDPDPLSSVLSVCSSVQHQQQWGQPQDQDPLAGQGTDDPPWTWHFHDPPTWIDTPRDTDDPVRCCVVSVPDPQPWAWAWEDPDLPATDIDTDGLSDFCCVVQNFKDAQLATRNRPRDDPVRHLGYIYRDDPDPPVLVVVCQQLVDPDSCLVRSLSNNLVVLVPWDFDDDPLATATADDAQCQLVRQLSRVLLLADWAFQRNQLRVLSVVNNVHDNSSNSSSLCSQLSHGPNDHDHNLSSVLSRQVRIPQQQWKWWKWKADFFPGIDIDIDGGSRLQEEEDQDDPVCLQVWDWDQDPVRGTITMHTAWTFDQKHKYFHYPQKDKDAAPFFAKFWDWADDPVDIHIWIWGHDPFIWIDGRPDTDTHRMDIGRTGMTMGGGDTDHDQFDFQFAAEQNGTTTDGPDPLPCFDDDPRHTYPDDDDDDDDDDDDVCPLPQLEQEDEPPVVLSVVVNVVSVRDPPGPYYWYEDEPPDRPTQAYHHECVPDDPVQLAFDTTVLRGHQYDHNSHQDCVSVPPRNGNPRRPDDDDDDDDDDDDDDDDDDYDDDDDDDDDDDDDDDDDDDDDDDDPPQAEDADCDPDFDDQASYTHHHDPDDADEDQEDDPVNVVVCVVVVDQYAYRDYDPVCVVQVQDHCNVNNPCNGRPDDPPSVVVVCVVVVVVVVVSNVVNCVVVCCCVVPPVVCVVVVVVVVVPDDDDDDDDDDYDDYDDDDDDDDPVVVVVCCVVCVVVVVVPPPVPVNVVVVLVVLLVVLVVVVVVLVLLVVLQVCVVVVHDHPCNVLVVVVVPDPDDDPPRSDPDDPSSVSNPPVPPDPPPPPPPPDPPPPPPSPSPCCLVVVVSVCVSVLLVVLPVPVVVLVVLVVVLVCLVVCVVPDDDDDVVSVVVNVVSVVPPNPVVVVVSVVVSVVVCSVCLVCCQAAFDPDPSPSSQPPPVVCQFDFDWFQAQNDTDTGTDGSGDDLAQAPVVRGRHVDHDDDDRPDQQFAPVNQVVVCVSSVYRRDGPYHLAFEFDAWDDDPQWIWTWTDDPNDTDIDTAGLLLCLPVVCQELVNPDDQRPDLEHEFAPVDPVSVVSSSVVSNVNCRNVVHHRYYYHPVNVVVVDDSLVSLLSLLVLLVVLVCVLQVFDVVVLVVLNVVLNVCSVVVPDSLVSQLVSQVVCCVPPGPAPADSNVSSVVSVCCSGVVDRADCDQDDDDDRDDDDPPPADPVQVVVCVVVVPPGDDPVVCLVVLAAAEAEPVVLSSDSPVVNCVVVVVCVVSVHHYHYDVDPPPDPDDDPDDDPDPPDD,1945,1,1,0.85,1,0.9168650499426545,1,0.99429697,1,0.5265069661223121,1,0.5325822190617707,1,0.8161855383072709,1,0.9905140971207903,0,0.5
3,YP_009742611.1,KIVNNWLKQLIKVTLVFLFVAAIFYLITPVHVMSKHTDFSSEIIGYKAIDGGVTRDIASTDTCFANKHADFDTWFSQRGGSYTNDKACPLIAAVITREVGFVVPGLPGTILRTTNGDFLHFLPRVFSAVGNICYTPSKLIEYTDFATSACVLAAECTIFKDASGKPVPYCYDTNVLEGSVAYESLRPDTRYVLMDGSIIQFPNTYLEGSVRVVTTFDSEYCRHGTCERSEAGVCVSTSGRWVLNNDYYRSLPGVFCGVDAVNLLTNMFTPLIQPIGALDISASIVAGGIVAIVVTCLAYYFMRFRRAFGEYSHVVAFNTLLFLMSFTVLCLTPVYSFLPGVYSVIYLYLTFYLTNDVSFLAHIQWMVMFTPLVPFWITIAYIICISTKHFYWFFSNYLKRRVVFNGVSFSTFEEAALCTFLLNKEMYLKLRSDVLLPLTQYNRYLALYNKYKYFSGAMDTTSYREAACCHLAKALNDFSNSGSDVLYQPPQTSITSAVLQ,DVVVVVVVVVVVVVVVVVVCVVVLVVVLPCVVVPPVPVLVLPLPFWWADDPLDTDTDDCPQPLNVLVPDPVCCVCVVVPLDPPPPVRGHPRPSLSLPPLPDDLQPQFDDFDDDPRNPRPPPPLDDDDPPDPDDQDRHDLPPPPDPPDSDPPPVPDQPQDQDVVRDRSSRPPPPVRDPWQPPPVVPDQQDWGQDSSRRTHHDHPCPVVDPPPRQDDDPPFPDDDAPQPPDPVNDRDSVVVDDDGDPVVPPDHDPDDDDPDPLSVVCSSCCVVCVVVSRDPVVSLVVVLVVVVVVLVVVLVVVVLVVLVDPPCSVVVNVLSVLVVVLVSCSSCVVVPVVVCVVVVVVVVVVVVVPPVDPVVVVVCVVVVNCPNVCSVVVSVVVVVVCCVVVVCVCCVVVVPDLPPDLVDRDPDVVLVVVVVVVVVVVVVVVVVVPDPDDVVVVVVVCVVVVVRVVSNPNDPCPVVVCVSVVVVVVVVVCVVPVPDPSPDDDPPPPPPPPVPD,500,1,1,0.58,1,0.8186151342456234,1,0.9639318,1,0.5213116142837629,1,0.530168343759862,1,0.8602535099375129,1,0.9699992636835071,1,1.0
4,YP_009742612.1,SGFRKMAFPSGKVEGCMVQVTCGTTTLNGLWLDDVVYCPRHVICTSEDMLNPNYEDLLIRKSNHNFLVQAGNVQLRVIGHSMQNCVLKLKVDTANPKTPKYKFVRIQPGQTFSVLACYNGSPSGVYQCAMRPNFTIKGSFLNGSCGSVGFNIDYDCVSFCYMHHMELPTGVHAGTDLEGNFYGPFVDRQTAQAAGTDTTITVNVLAWLYAAVINGDRWFLNRFTTTLNDFNLVAMKYNYEPLTQDHVDILGPLSAQTGIAVLDMCASLKELLQNGMNGRTILGSALLEDEFTPFDVVRQCSGVTFQ,DDWDQDPDCPVLFLQQKKWKAWDPAIAIWGAAFQKTKFFLCSLPDPVCVVPPPSVCSCVVCVVGPIWIGRPPDTWAFPDWDDQAGIIITGTPGTRPSHFAEDWDADAAFDKWKWFFDANRGTDTITIWGQHNLQWTADDHDPRRFQTWIWDDDDRYIYTHWTWHDQALVNITKTGTSSNHTGGNQDDPVVCVVVVDPCPVVRVLVSVLLRVVLLCPVCLVPPDDDDLVVLQVQCVVVPHHRDDVVSLVVCVVVCVVSVNHSVSSSVVVSVVSVCCPVVCNVVRDDPVDDPPDSVVVVVVVVVPPPD,306,1,1,0.55,1,0.6168835630217229,1,0.8958251,1,0.5050931934910631,1,0.5301900154301213,1,0.7134159864084164,1,0.9224062714680316,1,1.0
5,YP_009742613.1,SAVKRTIKGTHHWLLLTILTSLLVLVQSTQWSLFFFLYENAFLPFAMGIIAMSAFAMMFVKHKHAFLCLFLLPSLATVAYFNMVYMPASWVMRIMTWLDMVDTSLSGFKLKDCVMYASAVVLLILMTARTVYDDGARRVWTLMNVLTLVYKVYYGNALDQAISMWALIISVTSNYSGVVTTVMFLARGIVFMCVEYCPIFFITGNTLQCIMLVYCFLGYFCTCYFGLFCLLNRYFRLTLGVYDYLVSTQEFRYMNSQGLLPPKNSIDAFKLNIKLLGVGGKPCIKVATVQ,DVVVVVVVVVVVVVVVLVVVVVLVVVVVVVVVVPVVVPVPDVPLLVLVLLLQLLVQVVPDPDPVVNVVSNCVSSVVVVVVVVCVVPDDDDVVVVVVVLVVVCVVPVPDSVSVVVSLVSNLVSLLSLLLPCLPDPSSLVSQLVVLVVQLVVCVVVNPPVSNVLSVLSNVLSVCVVDPPVVNLVSLVVSLVCCCCPVCVVVVVPPVDVVVVVVNVVSVVSVVVSSVVSVVSVVVCLLVVLLVVVVVQCPDPVVVVCVVVVVADDSRDVVSSVLSCVQSVPPPPSPPPPPPPD,290,1,0,0.47,1,0.6388196751579767,1,0.8899835,0,0.4876197430664417,1,0.5297385775882184,1,0.833625040561816,1,0.9436968172854432,1,1.0
6,YP_009742614.1,SKMSDVKCTSVVLLSVLQQLRVESSSKLWAQCVQLHNDILLAKDTTEAFEKMVSLLSVLLSMQGAVDINKLCEEMLDNRATLQ,DLLVVLLVVLVLLLVVVVVLVPDDDPVLNVLSVVLSVQSVPPPDNVSNVVSSVVNVVSVVVVVVRDPVVVSVVVVVVVVVVVD,83,0,0,0.34,0,0.0403789530826001,0,0.046683896,0,0.45964104918114834,1,0.5327851281273984,0,0.44677790541792783,0,0.28336953279687893,0,0.0
7,YP_009742615.1,AIASEFSSLPSYAAFATAQEAYEQAVANGDSEVVLKKLKKSLNVAKSEFDRDAAMQRKLEKMADQAMTQMYKQARSEDKRAKVTSAMQTMLFTMLRKLDNDALNNIINNARDGCVPLNIIPLTTAAKLMVVIPDYNTYKNTCDGTTFTYASALWEIQQVVDADSKIVQLSEISMDNSPNLAWPLIVTALRANSAVKLQ,DPPPVCVPFPLVVQLVVLVVVLVVCVVVVHDPVVNVVSVVSNVVSVVVSVVSVVVVVVVVVVVVVLLVVLVVQVVDPVCLVVNVVVLVVVLVVVVVPDDPVVVVVLVVCVVVVDDPLLPQDLSSVSVVVPVPVDLPDDQDPPPHDGDRVVVVLVVLVVVQPPDDPQPPCVVVPPPPCPSVSPSSSVVSSVSSVVVPPD,198,1,0,0.43,0,0.2842079917267938,0,0.17369966,0,0.44707619558600037,1,0.5326832659733434,0,0.422783178802369,1,0.7520991968363857,0,0.0
8,YP_009742616.1,NNELSPVALRQMSCAAGTTQTACTDDNALAYYNTTKGGRFVLALLSDLQDLKWARFPKSDGTGTIYTELEPPCRFVTDTPKGPKVKYLYFIKGLNNLNRGMVLGSLAATVRLQ,DFWDFQAWADEADPPVPPPPPPPVDAWHQYFDQDPPPRFTWTKIKHLDQDFFWWWAQQPVNPGIDIFGWDRWDWDWDQDPVGIGIITITTTPPVSDPPPVSPSVRRRIIGDDD,113,1,0,0.5,1,0.5241129412156756,0,0.38271657,1,0.5151928468937307,1,0.529088672554046,1,0.7155460632507982,1,0.6462270655337731,1,1.0
9,YP_009742617.1,AGNATEVPANSTVLSFCAFAVDAAKAYKDYLASGGQPITNCVKMLCTHTGTGQAITVTPEANMDQESFGGASCCLYCRCHIDHPNPKGFCDLKGKYVQIPTTCANDPVGFTLKNTVCTVCGMWKGYGCSCDQLREPMLQ,DPPPPPQDPPHPPPSLPVVQVVVLVVVVVCVVVVNPQDQPPPLPQPPPVPPNDSDPDGSPPLPPDDPPPQDPPPVAARPSVCPPPPPPDRPPPDDDPPPPSDPPDDPPCPVLPQQADSVRRHGVVVPDCVVVVCPPVPD,139,1,0,0.44,0,0.37391809582435714,0,0.036838237,0,0.4432998987155706,1,0.5287659479582142,0,0.14361718239967491,0,0.09068379300295765,1,1.0
10,YP_009725318.1,MIELSLIDFYLCFLAFLLFLVLIMLIIFWFSLELQDHNETCHA,DVVCVVVVVVVVVVVVVVVVVVVVVVVVVVVVVVVVVVVVVVD,43,0,1,0.53,0,0.2790429138370634,0,0.30868378,1,0.6891241219720134,1,0.5551425817147456,1,0.907313039999661,0,0.1407116721104335,1,1.0
11,YP_009725307.1,SADAQSFLNRVCGVSAARLTPCGTGTSTDVVYRAFDIYNDKVAGFAKFLKTNCCRFQEKDEDDNLIDSYFVVKRHTFSNYQHEETIYNLLKDCPAVAKHDFFKFRIDGDMVPHISRQRLTKYTMADLVYALRHFDEGNCDTLKEILVTYNCCDDDYFNKKDWYDFVENPDILRVYANLGERVRQALLKTVQFCDAMRNAGIVGVLTLDNQDLNGNWYDFGDFIQTTPGSGVPVVDSYYSLLMPILTLTRALTAESHVDTDLTKPYIKWDLLKYDFTEERLKLFDRYFKYWDQTYHPNCVNCLDDRCILHCANFNVLFSTVFPPTSFGPLVRKIFVDGVPFVVSTGYHFRELGVVHNQDVNLHSSRLSFKELLVYAADPAMHAASGNLLLDKRTTCFSVAALTNNVAFQTVKPGNFNKDFYDFAVSKGFFKEGSSVELKHFFFAQDGNAAISDYDYYRYNLPTMCDIRQLLFVVEVVDKYFDCYDGGCINANQVIVNNLDKSAGFPFNKWGKARLYYDSMSYEDQDALFAYTKRNVIPTITQMNLKYAISAKNRARTVAGVSICSTMTNRQFHQKLLKSIAATRGATVVIGTSKFYGGWHNMLKTVYSDVENPHLMGWDYPKCDRAMPNMLRIMASLVLARKHTTCCSLSHRFYRLANECAQVLSEMVMCGGSLYVKPGGTSSGDATTAYANSVFNICQAVTANVNALLSTDGNKIADKYVRNLQHRLYECLYRNRDVDTDFVNEFYAYLRKHFSMMILSDDAVVCFNSTYASQGLVASIKNFKSVLYYQNNVFMSEAKCWTETDLTKGPHEFCSQHTMLVKQGDDYVYLPYPDPSRILGAGCFVDDIVKTDGTLMIERFVSLAIDAYPLTKHPNQEYADVFHLYLQYIRKLHDELTGHMLDMYSVMLTNDNTSRYWEPEFYEAMYTPHTVLQ,DCVVVVVVVQQPPPPPDDDDDDDDDPDPPQVPDPVVPDDPPDPPPVPDCQKTWGWDQDQDPVRHGDTWIKIKGWDDPVLLVVQVVVCVLQVPQPQAFDKDWDWDQDPNDTTTMIITTPRDPDFLVLCLVLLLPDDPVRNVSVLVVLCVQVLDHPVCVVQVPSVDCVSPVCVLSSLVSLLVLQVQLLVSLLSSQVSQLQQQKDDDQDRRQGHSNNHGDDCSGIDHDDRNNRAPVVNSVCSRVVSVVSVVVSVQVSLVPDPPPVPDRPPNCSVVPPCVVVVVVVCCVSVVLPPLDPPPPPPVPPDPPPCPRHCRVVVLVQEDDQPPVPDPPLQLPDDPPHGQSPPPQDDPVPLPPPDPVPRPNDDDDDDPVSVLVVLQPLSVLCSRQVVQQPPLPLPLPCCCVVPVPPQPPPDFFDFDVVLVVVCVVLVCQPVVHPHHPLLQDWQPDLVLVVVLQCLLVQFRFFDDLSLLLVLLLLLLLVLLVQFAWAFDDLVPFDDPFQQDAQFPPRNVVPGVVVVVVPDDPVNLVVLVVVVLSDLPQWAWEWHWDDDSGSDSHTDIATATHNSLQSLVCRTCVRRLVRLLPDQLGQENVVQDLFLQSVQSNLCSQPVQAALKKKKKWFFPPQQSNFHLSLLVSLLVSSLVSHCVPDVPHSSSVSSVSSSVSQQRFWYDGPSGIRGRSDGGRNNHPCQQVSLSSVVSSLQVSLLLCLLQVADLVPDPDPVSSVLNVVSCCQRPPDPDNDSVNSVVVSVVCSNAKGKHDGRRIIMMIGNPVCCVRSNHGDPVSSQCCCCNRGVTHIDPVPMDMDSPSQQDDCDGPQWGWHWDDDPPDTGIRTAHPPNRLSSLVRGHHPPVPDDLLVLLVSLLVSLLRLVVQLRDPPPSSNVSSVVVNVVSQVVNCVSPVDDDPSCCGHDPNPDPPPCVPCVVCCVSVVPPPPPD,932,1,1,0.53,1,0.614810328339643,0,0.047442764,0,0.41314467957720624,1,0.5232275425547364,0,0.34342734569869976,1,0.7953635356151381,0,0.5
12,YP_009725308.1,AVGACVLCNSQTSLRCGACIRRPFLCCKCCYDHVISTSHKLVLSVNPYVCNAPGCDVTDVTQLYLGGMSYYCKSHKPPISFPLCANGQVFGLYKNTCVGSDNVTDFNAIATCDWTNAGDYILANTCTERLKLFAAETLKATEETFKLSYGIATVREVLSDRELHLSWEVGKPRPPLNRNYVFTGYRVTKNSKVQIGEYTFEKGDYGDAVVYRGTTTYKLNVGDYFVLTSHTVMPLSAPTLVPQEHYVRITGLYPTLNISDEFSSNVANYQKVGMQKYSTLQGPPGTGKSHFAIGLALYYPSARIVYTACSHAAVDALCEKALKYLPIDKCSRIIPARARVECFDKFKVNSTLEQYVFCTVNALPETTADIVVFDEISMATNYDLSVVNARLRAKHYVYIGDPAQLPAPRTLLTKGTLEPEYFNSVCRLMKTIGPDMFLGTCRRCPAEIVDTVSALVYDNKLKAHKDKSAQCFKMFYKGVITHDVSSAINRPQIGVVREFLTRNPAWRKAVFISPYNSQNAVASKILGLPTQTVDSSQGSEYDYVIFTQTTETAHSCNVNRFNVAITRAKVGILCIMSDRDLYDKLQFTSLEIPRRNVATLQ,DWAAAPPPRFIAQKFQPQDLVSGDHDPVRVVVVCVVQVRPGIAGDDQQAAPPDPGGDRQLQQWWDARHHIHGPVPHDPDTHRCDDPNDRVDGDDPDDPDDDDPPDPVVVSPDPCVPPVPDPPCPALQVVLVVLLLVLQVSVVVSQVLQKFKWFFADDPDQFKTKTFGDPPHRYHDLDQPFWWFKWQDDPVDTDTFWIWGFDDDDDVRIGMITIHGPDDDDGGGIIMTGSDPDDDQDRPPPCDLVNLPQCCVVQPDDDDDPVQVVCVVVLSVQSNGAEFEEEEAFQLQLLVNVLVNCVSRVPWQEEEEEADLLVLVVNVVVCVVPPDQAQEEEEDDPPDPDDDPVSHHYRDPPGSYYTYYLVRDAQDETQEYEYEALQQDFSNSVSSCSRRYHYSHYYYYHHLLAHHHDPPDCPDDPDDSCVGHSSSVSCVPVNGPHYRAERAFAEQLLQCLCLVVPVVVSHGYPHYHALFAEEEEDAADWDDDPPFIARQLVLQLVQVVCVVPVVCQAEEEEEQGPVNQVVSCVPSVYHYDYLVVCQPAADQEYEYELRDPDCSSPPVNSVSSRVSRHRHHYYYYYHDPVSRVSRPGHYDDDDSPRSVVSD,601,1,1,0.65,1,0.8352979101498534,1,0.96642673,0,0.43014843346228626,1,0.5229898178400676,1,0.6323091600496714,1,0.9333134199185775,1,1.0
13,YP_009725309.1,AENVTGLFKDCSKVITGLHPTQAPTHLSVDTKFKTEGLCVDIPGIPKDMTYRRLISMMGFKMNYQVNGYPNMFITREEAIRHVRAWIGFDVEGCHATREAVGTNLPLQLGFSTGVNLVAVPTGYVDTPNNTDFSRVSAKPPPGDQFKHLIPLMYKGLPWNVVRIKIVQMLSDTLKNLSDRVVFVLWAHGFELTSMKYFVKIGPERTCCLCDRRATCFSTASDTYACWHHSIGFDYVYNPFMIDVQQWGFTGNLQSNHDLYCQVHGNAHVASCDAIMTRCLAVHECFVKRVDWTIEYPIIGDELKINAACRKVQHMVVKAALLADKFPVLHDIGNPKAIKCVPQADVEWKFYDAQPCSDKAYKIEELFYSYATHSDKFTDGVCLFWNCNVDRYPANSIVCRFDTRVLSNLNLPGCDGGSLYVNKHAFHTPAFDKSAFVNLKQLPFFYYSDSPCESHGKQVVSDIDYVPLKSATCITRCNLGGAVCRHHANEYRLYLDAYNMMISAGFSLWVYKQFDTYNLWNTFTRLQ,DPPLVVVVVCVCVVVVVVPPDDPPPDDDPPPPPPPPPPPPPPPPADPVRSVVVSCVVQVDPPPVPDPDDGDDDDFPVVCVLQLLLEKFWFFFFWQQAPVRVPPTDGAWIAILVGDIAGADDPPPDPPVPCPCVVNSNGDRPDDPLCVVSPVVNVVHDYLVVVLVVVLVVSLVSCVPRDLAHEYEYEPPPVVVVNLVSNADQDRDPPDVVPPDPDPLPDDDDPDPSPVCRPSSVSHRYPHHYHHVCVVVDDDDLVVVLVVNDPPQDSPPNGNSSSSSRSSSVCCCVPVVVPDSVPPDPGDRDPVVCVVVCVVVVVVVVVVVVVVLVPVPWPPPVDPVVPPPPDVVPPPVPPVDPDPPPDDPVPSVNVVVVVLPPVPPPPPTQDDDDPDPPPDDDPPHPDDDDDCVLVVVPPDDPVPDPPPPDPPPPVPDPPPPQADEDPVVPLPPPPPDPDPPPVDPDDPPPDDDDPPPPPPVPPPDPVPPDDPPPCNVSSVVVVVVRVVVSVVVNHPYPPPPDPPVVVVCVVVVVVD,527,1,1,0.51,0,0.34042756087877235,0,0.23608601,0,0.4736360330322346,1,0.5273150835233722,1,0.6251266562436718,1,0.6343935158422735,0,0.5
14,YP_009725310.1,SLENVAFNVVNKGHFDGQQGEVPVSIINNTVYTKVDGVDVELFENKTTLPVNVAFELWAKRNIKPVPEVKILNNLGVDIAANTVIWDYKRDAPAHISTIGVCSMTDIAKKPTETICAPLTVFFDGRVDGQVDLFRNARNGVLITEGSVKGLQPSVGPKQASLNGVTLIGEAVKTQFNYYKKVDGVVQQLPETYFTQSRNLQEFKPRSQMEIDFLELAMDEFIERYKLEGYAFEHIVYGDFSHSQLGGLHLLIGLAKRFKESPFELEDFIPMDSTVKNYFITDAQTGSSKCVCSVIDLLLDDFVEIIKSQDLSVVSKVVKVTIDYTEISFMLWCKDGHVETFYPKLQ,DLQVLLVPQPPADDAPDDPDPFDWDDDPQWIWTDHVNDTDTDDHPPDPDDSSVVSRVVSVVPRPPDDDFQDDDVVNDGQPSQFDWDDPDPDDPDDLFAGQDDRLVCLQPDPPDPPSGRDPGHYDDDDPDPPCVVVCVLVDPPPDPDDSDDDDPDDDPPFPPDPPPTPDDDRPPPPPQDWDDDPNDTDGDGSVPPVPCPPLQNDDADDPLLVCVLPDDPVVSCVVVVVPQAVVCCACQWDPPDLATGHNQESSNVSSNCVVANWDWDWDDDPDDLFTWIWTARPVPRRIDGPGHYHHDRPVVVVVVSVPDDQVDQWDWDWDDDPNDIWIWIWGHDPSGTPYIGTDDD,346,1,0,0.44,1,0.58177065208592,0,0.4587177,0,0.43063954295818985,1,0.5240621647527003,0,0.44322725118414147,1,0.94217002880974,0,0.5
15,YP_009725311.1,SSQAWQPGVAMPNLYKMQRMLLEKCDLQNYGDSATLPKGIMMNVAKYTQLCQYLNTLTLAVPYNMRVIHFGAGSDKGVAPGTAVLRQWLPTGTLLVDSDLNDFVSDADSTLIGDCATVHTANKWDLIISDMYDPKTKNVTKENDSKEGFFTYICGFIQQKLALGGSVAIKITEHSWNADLYKLMGHFAWWTAFVTNVNASSSEAFLIGCNYLGKPREQIDGYVMHANYIFWRNTNPIQLSSYSLFDMSKFPLKLRGTAVMSLKEGQINDMILSLLSKGRLIIRENNRVVISSDVLVNN,DQPFDPLVDPQPDLVVLVVVVVVVVPCVVVPDPVDPVLQLSLLSQQLVVVLVVVNVVRQGADDAAEEEEEPQCSVVQERSSQSSVVSRDDPNHQYEYEYQDHHDHPGPYYDHRDPLPDDDPAAHQEYEYPDDDPVCPVPPCCVVVLCPPVVSVLVCCLVRHDAQGKYKYKDAPRNDDPSVVQSLQQAPHKDKADRPSDLPGRIIIIMGGGGNSDGDPDDPPVVVVVVVVVCVVVCPVPSDDPPPPPCVVPPPPPPDPPPVPPPPVNCVVVQVVCVVVVQDQDDDPVDRDRDPPVVVPD,298,1,1,0.56,1,0.5335920099108932,0,0.29038876,1,0.524215939559961,1,0.5294699728796762,1,0.7891111388074472,1,0.9326962236207882,1,1.0
16,YP_009725312.1,SADAQSFLNGFAV,DVVVVVVVVVVVD,13,1,1,0.55,0,0.15111899702216192,0,0.047870472,0,0.17784880302682332,1,0.504093409299788,0,0.10972663287804585,0,0.14124403545182607,0,0.5
17,YP_009725255.1,MGYINVFAFPFTIYSLLLCRMNSRNYIAQVDVVNFNLT,DDPPPPVPDPPVVVVVVQVPPPPPDDDSPPPPPPPPPD,38,0,0,0.44,0,0.12286929730410735,0,0.02723107,0,0.2483518711228671,1,0.5062683572993636,0,0.05274612742213027,0,0.1608113115242189,1,1.0
18,YP_009724390.1,MFVFLVLLPLVSSQCVNLTTRTQLPPAYTNSFTRGVYYPDKVFRSSVLHSTQDLFLPFFSNVTWFHAIHVSGTNGTKRFDNPVLPFNDGVYFASTEKSNIIRGWIFGTTLDSKTQSLLIVNNATNVVIKVCEFQFCNDPFLGVYYHKNNKSWMESEFRVYSSANNCTFEYVSQPFLMDLEGKQGNFKNLREFVFKNIDGYFKIYSKHTPINLVRDLPQGFSALEPLVDLPIGINITRFQTLLALHRSYLTPGDSSSGWTAGAAAYYVGYLQPRTFLLKYNENGTITDAVDCALDPLSETKCTLKSFTVEKGIYQTSNFRVQPTESIVRFPNITNLCPFGEVFNATRFASVYAWNRKRISNCVADYSVLYNSASFSTFKCYGVSPTKLNDLCFTNVYADSFVIRGDEVRQIAPGQTGKIADYNYKLPDDFTGCVIAWNSNNLDSKVGGNYNYLYRLFRKSNLKPFERDISTEIYQAGSTPCNGVEGFNCYFPLQSYGFQPTNGVGYQPYRVVVLSFELLHAPATVCGPKKSTNLVKNKCVNFNFNGLTGTGVLTESNKKFLPFQQFGRDIADTTDAVRDPQTLEILDITPCSFGGVSVITPGTNTSNQVAVLYQDVNCTEVPVAIHADQLTPTWRVYSTGSNVFQTRAGCLIGAEHVNNSYECDIPIGAGICASYQTQTNSPRRARSVASQSIIAYTMSLGAENSVAYSNNSIAIPTNFTISVTTEILPVSMTKTSVDCTMYICGDSTECSNLLLQYGSFCTQLNRALTGIAVEQDKNTQEVFAQVKQIYKTPPIKDFGGFNFSQILPDPSKPSKRSFIEDLLFNKVTLADAGFIKQYGDCLGDIAARDLICAQKFNGLTVLPPLLTDEMIAQYTSALLAGTITSGWTFGAGAALQIPFAMQMAYRFNGIGVTQNVLYENQKLIANQFNSAIGKIQDSLSSTASALGKLQDVVNQNAQALNTLVKQLSSNFGAISSVLNDILSRLDKVEAEVQIDRLITGRLQSLQTYVTQQLIRAAEIRASANLAATKMSECVLGQSKRVDFCGKGYHLMSFPQSAPHGVVFLHVTYVPAQEKNFTTAPAICHDGKAHFPREGVFVSNGTHWFVTQRNFYEPQIITTDNTFVSGNCDVVIGIVNNTVYDPLQPELDSFKEELDKYFKNHTSPDVDLGDISGINASVVNIQKEIDRLNEVAKNLNESLIDLQELGKYEQYIKWPWYIWLGFIAGLIAIVMVTIMLCCMTSCCSCLKGCCSCGSCCKFDEDDSEPVLKGVKLHYT,DDDDDDDDDPPDDDQDDPPFEDDDDWDWDFPAQDFAADPDPDFDAQAKDKDWDWTFDHRDIWTKAKFAFDPDPVRRGYDDKDKFWQPQWKKKKKFAQFPFWFWKKWADPLALPFWIWTFGHQQWKTKIWTFSFHFRPAFAWEWEQDPVVSAIHTDDGRGTDDTHDIDDIDIDHTDHGHPDRDDAAGFKMKIWIWGDDPQKTWIWIDIDTDGDRDDDDHDDAYTYTDDIHNHNHDTTIMIIYGYWYFDPVDPPDVPTDTHGGIMMMIMDHIDTFMKIFGAHRRSGTPDIAGLQAAPLSVQCVLQSHPWDAFFKFWGFDRFFDAPAEFEFAAPADAAWPVVCQVVPLAFAALLDKDKDKTFQHADDCVVVVVPPDWPDKDFAQFDPVCQLQAFFHIKMKIKHKDFQQCLVQADAPRDDPSVVSVDHHHNRFGWIKTKHFPQVRQLDPSYVQFHKDFPDDPDDDDNPDRPPDQDWQFDDDDDPPVPPDPGTHGRIGTDGAHSPDDSRGGMMMMIIMTGHHQLARGSYHHPDDGDDDDAPGWHFYRANNQTATFGKDADPDDDDRSDAFDADPLRFGQWGQRNHVRGIIGGDFLADFIKMKGDNIVVVPPAIKIFGFPEALVCQCVRNVLVSGHPNHVCNNPHPQWDQDPRGIIGFAHEDADEDAADYQPFQQKHKDFDQPPDDPDDDDDDNDRGIYIYGYEADYDDDDDDFFDWAKFFADWDKDKDKDWFFQFDDQDADQLLLLQANPDPLLSVLVVVVPCLSVVLRCLSSVLRSVSRVLSRHLVVLVVVVVPPDQPCDDVNDGCQQCQPRPVCNVDHHVVRCVVPFWDQDLAPPLVVQLCVVCPPPLPCQQVSQDDDVNQGAGAPDDDPVNVCCLVVVVPPDPDDDDDDDDDDVDDNPPPVVNVVNHVVSVVVSVVPVPDDDDDVCVQCCLLVVLVVLLVVLVVVLVVVVVCLVVVVVVVLVSLVCSSVVSSRRPVSVLSSLPRRDDPVVSSVVSVVSSVVSSVSSVVSSVVVVVVSVSSSVSSVLSSVCCVDAAVHFHPDACSLHHAGFDHWDWDDDPRTIMIITIHIHRPDIDIFGWGQWDDDPFWTKGFQAATFTDPPPDTFGDHSHHPDTDHDDCVGIPTDDGPDDPDDDDPDPPPPPPPVPPPPPVCVVCVPPPDDPDPDPVPPPPPVCVPVPSPSVVSVVSSVVSVVSSVPDDDDDDDDDGDIDGPPPDVVVVVVVVVVVVVVVVVCVVVVVPPPDDDDDDDDDDDDDDDDDDDDDDDDDDDDDDDDDD,1273,1,1,0.99,1,0.9341185210325685,1,0.9996216,0,0.48072257374576316,1,0.5282204542102773,1,0.7296883003876788,1,0.9684195022172905,1,1.0
19,YP_009724391.1,MDLFMRIFTIGTVTLKQGEIKDATPSDFVRATATIPIQASLPFGWLIVGVALLAVFQSASKIITLKKRWQLALSKGVHFVCNLLLLFVTVYSHLLLVAAGLEAPFLYLYALVYFLQSINFVRIIMRLWLCWKCRSKNPLLYDANYFLCWHTNCYDYCIPYNSVTSSIVITSGDGTTSPISEHDYQIGGYTEKWESGVKDCVVLHSYFTSDYYQLYSTQLSTDTGVEHVTFFIYNKIVDEPEEHVQIHTIDGSSGVVNPVMEPIYDEPTTTTSVPL,DVVVVVVLCVPVPPPPPPPPPDDDPVNSCQVSQVVCLVVVPVVLVVLLVLLVVQLVLLVLLLVVPVPDVVVNVVSVVSNVVSVVLSVLSVVLNVCCVPVPCPPVSVVSNVVSVVVSVVSVVVVVVLVVLLVVVCVPCVPVCVPCVPVSSRDPCVVVPPVVVPPPFQFFFQFPVRDTDRPPPPPPPDDPDPPDPPPPQPDQPQPQPQPPPVQFSPRPRQGDGPVDGGQGFGFGPRVVDPDRPDTPRDDDDPDDDDDPPPPPPPPPPPPPPPPPPDD,275,1,1,0.6,1,0.803668637019383,1,0.76945674,1,0.611629614176899,1,0.5375989870392665,1,0.9376030529852472,1,0.9575916352815711,1,1.0
20,YP_009724392.1,MYSFVSEETGTLIVNSVLLFLAFVVFLLVTLAILTALRLCAYCCNIVNVSLVKPSFYVYSRVKNLNSSRVPDLLV,DPPPVCPVVVVVVVVVVVVVVVVVVVVVVVVVVVVVVVVVCVVVVVVCVVPPDPPPPVVVVVVPVPPPDDDPPPD,75,1,0,0.5,1,0.5328440155253136,1,0.84673524,0,0.34482196221044914,1,0.5226719087884252,0,0.2816353654478157,0,0.125371051437631,0,0.0
21,YP_009724393.1,MADSNGTITVEELKKLLEQWNLVIGFLFLTWICLLQFAYANRNRFLYIIKLIFLWLLWPVTLACFVLAAVYRINWITGGIAIAMACLVGLMWLSYFIASFRLFARTRSMWSFNPETNILLNVPLHGTILTRPLLESELVIGAVILRGHLRIAGHHLGRCDIKDLPKEITVATSRTLSYYKLGASQRVAGDSGFAAYSRYRIGNYKLNTDHSSSSDNIALLVQ,DQPPVNDQDPVNVVVVLLVLCVLVVLLVVLVVLLVVVVVQVPAPVSLVVNVVVLVVCPVVLVVSLVSLVVNCPDPVSSVVSNVSSVVSVVSSVVVVVVSVVVVVVCVVVPPPPPLVRPCPDPPPPDDPPLPPPDPVRVVVVVVVVVVVVVVVVVVVVPDPLVPRDVVVCVVCVVVVVVVVPVVPDPVPDPCVVVVVSPVSNPPPPPCPPPPDPVPPPVVVPD,222,1,0,0.37,0,0.319455113502211,0,0.48149174,0,0.3318877562057985,1,0.5238330492449237,0,0.063842627392404,1,0.6566063602249328,0,0.0
22,YP_009724394.1,MFHLVDFQVTIAEILLIIMRTFKVSIWNLDYIINLIIKNLSKSLTENKYSQLDEEQPMEID,DPPCPDCPVPLVNVLVVCCVPVVDDPVCSVVVSVVVVVVVVCVVVVPVDDPVPPPPPPPDD,61,1,0,0.44,0,0.19582841029959372,0,0.01874943,0,0.2352127215933114,1,0.5205460109449721,0,0.006850488292642786,0,0.2247993221362448,0,0.5
23,YP_009724395.1,MKIILFLALITLATCELYHYQECVRGTTVLLKEPCSSGTYEGNSPFHPLADNKFALTCFSTQFAFACPDGVKHVYQLRARSVSPKLFIRQEEVQELYSPIFLIVAAIVFITLCFTLKRKTE,DVVVVVVVVVVLPLQEAEAEDEDAQQDKDKDAAPDPDWDKDDPFDWDDDPPRITIGHQDQDWIWTQDPVSHIYIYHHDHPPDDPPDPPPPVVVVVVVVVVVVVVVVVVVVVVVVVVVVVVD,121,1,0,0.47,0,0.3105603538191742,0,0.30688965,1,0.5320673895742958,1,0.5343085094056561,1,0.9292256378917271,0,0.47817058661500367,0,0.5
24,YP_009724396.1,MKFLVFLGIITTVAAFHQECSLQSCTQHQPYVVDDPCPIHFYSKWYIRVGARKSAPLIELCVDEAGSKSPIQYIDIGNYTVSCLPFTINCQEPKLGSLVVRCSFYEDFLEYHDVRVVLDFI,DCPPCVVVCPVVPVLQQKFWFWDDVPDDDTPGPVDSPSPDDDPWPQLPADPDPPDPSPGPPPPDDDDPPVPPPPCPDPPPPDPDRDYDDDPDPPQAWTWTWIFTPDPPDDTDTDTDIHGDD,121,1,0,0.47,1,0.5149764958014798,1,0.72765553,0,0.40191557958767943,1,0.519263444855529,0,0.4298378977050492,1,0.6570353437067106,0,0.5
25,YP_009724397.2,MSDNGPQNQRNAPRITFGGPSDSTGSNQNGERSGARSKQRRPQGLPNNTASWFTALTQHGKEDLKFPRGQGVPINTNSSPDDQIGYYRRATRRIRGGDGKMKDLSPRWYFYYLGTGPEAGLPYGANKDGIIWVATEGALNTPKDHIGTRNPANNAAIVLQLPQGTTLPKGFYAEGSRGGSQASSRSSSRSRNSSRNSTPGSSRGTSPARMAGNGGDAALALLLLDRLNQLESKMSGKGQQQQGQTVTKKSAAEASKKPRQKRTATKAYNVTQAFGRRGPEQTQGNFGDQELIRQGTDYKHWPQIAQFAPSASAFFGMSRIGMEVTPSGTWLTYTGAIKLDDKDPNFKDQVILLNKHIDAYKTFPPTEPKKDKKKKADETQALPQRQKKQQTVTLLPAADLDDFSKQLQQSMSSADSTQA,DPCPPPPPPPPDPPPPPPPPPVPPPPPPDDPPPFDPPPPVPPPQDPDPQPCVLVSVVPDDLPPCPPDQFDFDFDPNPDDPQAGQWGKGWDWDWDLDPVRDTDTDDTWIWIFGCLHHPCVVPPCSVPSVTRTATQDDPLPPDLVSLDRPPPVVPPVPPSPPPPVPPDDPDPPPPPPVVPDPPPDDDDDDDDDDDDDDDDDDDDDDDDPPDDPDDPPVVVVQVVLVVVLVVVVVVVVPPVPDDPDDPPDPDDPPPPPPPPPPPPPDPPPPPVVVVPVVPPPVVVVDPPPVVVVLVCVVPPVCCCVCVVCVVCVVLVCQQFPQDFDQDSSGTDGRRPGGPDLDPPPPCSVVSVVSNVVSVVVVVPPPPVPPPPDCVDDPPPDDPPPPPPPPPPPPPPDDPVCVVVVVVVSVVVSVVVVPVPD,419,1,1,0.66,1,0.5091113329163511,1,0.88712007,1,0.6257102613764534,1,0.5428780017035221,1,0.8795663340595976,1,0.9822012908455819,1,1.0
